run_at,scraped_at,product,code,provider,buy,sell,spread,spread_pct,site_spread,site_spread_pct,source_url,status,note
2026-08-28T13:22:13+03:00,2026-08-28T13:22:27+03:00,DOLAR,USD,Kapalıçarşı,48.0600,48.0700,0.0100,0.02080732417811069496462754890,0.0100,0.02,https://kur.doviz.com/serbest-piyasa/amerikan-dolari,OK,
2026-08-28T13:22:13+03:00,2026-08-28T13:22:27+03:00,DOLAR,USD,Altınkaynak,47.9710,48.1700,0.1990,0.4148339621854870651018323570,0.1990,0.41,https://kur.doviz.com/serbest-piyasa/amerikan-dolari,OK,
2026-08-28T13:22:13+03:00,2026-08-28T13:22:27+03:00,DOLAR,USD,Harem,48.0408,48.1248,0.0840,0.1748513763301193985112654244,0.0840,0.17,https://kur.doviz.com/serbest-piyasa/amerikan-dolari,OK,
2026-08-28T13:22:13+03:00,2026-08-28T13:22:27+03:00,DOLAR,USD,Odacı,48.0500,48.1860,0.1360,0.2830385015608740894901144641,0.1360,0.28,https://kur.doviz.com/serbest-piyasa/amerikan-dolari,OK,
2026-08-28T13:22:13+03:00,2026-08-28T13:22:27+03:00,DOLAR,USD,Venüs,48.0420,48.1150,0.0730,0.1519503767536738686982223887,0.0730,0.15,https://kur.doviz.com/serbest-piyasa/amerikan-dolari,OK,
2026-08-28T13:22:13+03:00,2026-08-28T13:22:27+03:00,DOLAR,USD,Getirfinans,47.8481,48.4681,0.6200,1.295767230046752117638944911,0.6200,1.30,https://kur.doviz.com/serbest-piyasa/amerikan-dolari,OK,
2026-08-28T13:22:13+03:00,2026-08-28T13:22:27+03:00,DOLAR,USD,Akbank,47.3540,48.7040,1.3500,2.850867930903408370992946742,1.3500,2.85,https://kur.doviz.com/serbest-piyasa/amerikan-dolari,OK,
2026-08-28T13:22:13+03:00,2026-08-28T13:22:27+03:00,DOLAR,USD,Albaraka Türk,47.8450,48.6250,0.7800,1.630264395443620022990908141,0.7800,1.63,https://kur.doviz.com/serbest-piyasa/amerikan-dolari,OK,
2026-08-28T13:22:13+03:00,2026-08-28T13:22:27+03:00,DOLAR,USD,Alternatif Bank,48.0280,48.3220,0.2940,0.6121429166319646872657616390,0.2940,0.61,https://kur.doviz.com/serbest-piyasa/amerikan-dolari,OK,
2026-08-28T13:22:13+03:00,2026-08-28T13:22:27+03:00,DOLAR,USD,Anadolubank,47.3126,48.5892,1.2766,2.698224151705888072099187109,1.2766,2.70,https://kur.doviz.com/serbest-piyasa/amerikan-dolari,OK,
2026-08-28T13:22:13+03:00,2026-08-28T13:22:27+03:00,DOLAR,USD,CEPTETEB,47.1660,49.0840,1.9180,4.066488572276639952508162660,1.9180,4.07,https://kur.doviz.com/serbest-piyasa/amerikan-dolari,OK,
2026-08-28T13:22:13+03:00,2026-08-28T13:22:27+03:00,DOLAR,USD,Denizbank,47.4203,48.8204,1.4001,2.952532986927539471492166857,1.4001,2.95,https://kur.doviz.com/serbest-piyasa/amerikan-dolari,OK,
2026-08-28T13:22:13+03:00,2026-08-28T13:22:27+03:00,DOLAR,USD,DestekBank,48.0771,48.1462,0.0691,0.1437274710829064149043931518,0.0691,0.14,https://kur.doviz.com/serbest-piyasa/amerikan-dolari,OK,
2026-08-28T13:22:13+03:00,2026-08-28T13:22:27+03:00,DOLAR,USD,Dünya Katılım,48.0984,48.1369,0.0385,0.08004424263592967749446967051,0.0385,0.08,https://kur.doviz.com/serbest-piyasa/amerikan-dolari,OK,
2026-08-28T13:22:13+03:00,2026-08-28T13:22:27+03:00,DOLAR,USD,Emlak Katılım,47.7827,49.0179,1.2352,2.585036006755583087602835336,1.2352,2.58,https://kur.doviz.com/serbest-piyasa/amerikan-dolari,OK,
2026-08-28T13:22:13+03:00,2026-08-28T13:22:27+03:00,DOLAR,USD,Enpara,47.7950,48.6450,0.8500,1.778428705931582801548279109,0.8500,1.78,https://kur.doviz.com/serbest-piyasa/amerikan-dolari,OK,
2026-08-28T13:22:13+03:00,2026-08-28T13:22:27+03:00,DOLAR,USD,Fibabanka,47.8481,48.4682,0.6201,1.295976224761275787335338289,0.6201,1.30,https://kur.doviz.com/serbest-piyasa/amerikan-dolari,OK,
2026-08-28T13:22:13+03:00,2026-08-28T13:22:27+03:00,DOLAR,USD,Garanti BBVA,47.3150,48.6650,1.3500,2.853217795625066046708232062,1.3500,2.85,https://kur.doviz.com/serbest-piyasa/amerikan-dolari,OK,
2026-08-28T13:22:13+03:00,2026-08-28T13:22:27+03:00,DOLAR,USD,TOM Bank Hadi,48.1001,48.3413,0.2412,0.5014542589308546136078719171,0.2412,0.50,https://kur.doviz.com/serbest-piyasa/amerikan-dolari,OK,
2026-08-28T13:22:13+03:00,2026-08-28T13:22:27+03:00,DOLAR,USD,Halkbank,47.7250,48.7050,0.9800,2.053431115767417496071241488,0.9800,2.05,https://kur.doviz.com/serbest-piyasa/amerikan-dolari,OK,
2026-08-28T13:22:13+03:00,2026-08-28T13:22:27+03:00,DOLAR,USD,Hayat Finans,48.0758,48.3543,0.2785,0.5792935322969144559216903307,0.2784,0.58,https://kur.doviz.com/serbest-piyasa/amerikan-dolari,OK,
2026-08-28T13:22:13+03:00,2026-08-28T13:22:27+03:00,DOLAR,USD,HSBC,47.6572,48.5572,0.9000,1.888486944260258680744987116,0.9000,1.89,https://kur.doviz.com/serbest-piyasa/amerikan-dolari,OK,
2026-08-28T13:22:13+03:00,2026-08-28T13:22:27+03:00,DOLAR,USD,ING Bank,47.6091,48.6147,1.0056,2.112201238838793423946262374,1.0056,2.11,https://kur.doviz.com/serbest-piyasa/amerikan-dolari,OK,
2026-08-28T13:22:13+03:00,2026-08-28T13:22:27+03:00,DOLAR,USD,İş Bankası,47.5350,48.6933,1.1583,2.436730829914799621331650363,1.1583,2.44,https://kur.doviz.com/serbest-piyasa/amerikan-dolari,OK,
2026-08-28T13:22:13+03:00,2026-08-28T13:22:27+03:00,DOLAR,USD,Kuveyt Türk,47.4538,48.4713,1.0175,2.144190770812874838263742840,1.0176,2.14,https://kur.doviz.com/serbest-piyasa/amerikan-dolari,OK,
2026-08-28T13:22:13+03:00,2026-08-28T13:22:27+03:00,DOLAR,USD,Merkez Bankası,48.0466,48.1331,0.0865,0.1800335507611360637381209076,0.0865,0.18,https://kur.doviz.com/serbest-piyasa/amerikan-dolari,OK,
2026-08-28T13:22:13+03:00,2026-08-28T13:22:27+03:00,DOLAR,USD,Misyon Bank,48.0811,48.1424,0.0613,0.1274929234148137209839209170,0.0613,0.13,https://kur.doviz.com/serbest-piyasa/amerikan-dolari,OK,
2026-08-28T13:22:13+03:00,2026-08-28T13:22:27+03:00,DOLAR,USD,Odeabank,47.6410,48.6410,1.0000,2.099032346088453223064167419,1.0000,2.10,https://kur.doviz.com/serbest-piyasa/amerikan-dolari,OK,
2026-08-28T13:22:13+03:00,2026-08-28T13:22:27+03:00,DOLAR,USD,QNB Finansbank,47.5050,48.7250,1.2200,2.568150720976739290600989370,1.2200,2.57,https://kur.doviz.com/serbest-piyasa/amerikan-dolari,OK,
2026-08-28T13:22:13+03:00,2026-08-28T13:22:27+03:00,DOLAR,USD,Türkiye Finans,47.7074,48.5152,0.8078,1.693238365536583423116749184,0.8078,1.69,https://kur.doviz.com/serbest-piyasa/amerikan-dolari,OK,
2026-08-28T13:22:13+03:00,2026-08-28T13:22:27+03:00,DOLAR,USD,Vakıfbank,47.7422,48.7032,0.9610,2.012894252883193485009069544,0.9610,2.01,https://kur.doviz.com/serbest-piyasa/amerikan-dolari,OK,
2026-08-28T13:22:13+03:00,2026-08-28T13:22:27+03:00,DOLAR,USD,Vakıf Katılım,48.0171,48.2197,0.2026,0.4219330196950669657267931633,0.2026,0.42,https://kur.doviz.com/serbest-piyasa/amerikan-dolari,OK,
2026-08-28T13:22:13+03:00,2026-08-28T13:22:27+03:00,DOLAR,USD,Yapıkredi,47.5600,48.5700,1.0100,2.123633305298570227081581161,1.0100,2.12,https://kur.doviz.com/serbest-piyasa/amerikan-dolari,OK,
2026-08-28T13:22:13+03:00,2026-08-28T13:22:27+03:00,DOLAR,USD,Ziraat Bankası,47.7541,48.7201,0.9660,2.022862958363784470862187749,0.9660,2.02,https://kur.doviz.com/serbest-piyasa/amerikan-dolari,OK,
2026-08-28T13:22:13+03:00,2026-08-28T13:22:27+03:00,DOLAR,USD,Ziraat Dinamik,47.8019,48.4521,0.6502,1.360196979617964976287553424,0.6502,1.36,https://kur.doviz.com/serbest-piyasa/amerikan-dolari,OK,
2026-08-28T13:22:13+03:00,2026-08-28T13:22:27+03:00,DOLAR,USD,Ziraat Katılım,47.7169,48.7128,0.9959,2.087101215711833752821327454,0.9959,2.09,https://kur.doviz.com/serbest-piyasa/amerikan-dolari,OK,
2026-08-28T13:22:13+03:00,2026-08-28T13:22:40+03:00,EURO,EUR,Kapalıçarşı,55.8500,55.9000,0.0500,0.08952551477170993733213965980,0.0500,0.09,https://kur.doviz.com/serbest-piyasa/euro,OK,
2026-08-28T13:22:13+03:00,2026-08-28T13:22:40+03:00,EURO,EUR,Altınkaynak,55.7310,56.0750,0.3440,0.6172507222192316663975166424,0.3440,0.62,https://kur.doviz.com/serbest-piyasa/euro,OK,
2026-08-28T13:22:13+03:00,2026-08-28T13:22:40+03:00,EURO,EUR,Harem,55.7910,55.9790,0.1880,0.3369719130325679769138391497,0.1880,0.34,https://kur.doviz.com/serbest-piyasa/euro,OK,
2026-08-28T13:22:13+03:00,2026-08-28T13:22:40+03:00,EURO,EUR,Odacı,55.8310,56.0340,0.2030,0.3635972846626426179004495710,0.2030,0.36,https://kur.doviz.com/serbest-piyasa/euro,OK,
2026-08-28T13:22:13+03:00,2026-08-28T13:22:40+03:00,EURO,EUR,Venüs,55.8010,55.9720,0.1710,0.3064461210372573968208455046,0.1710,0.31,https://kur.doviz.com/serbest-piyasa/euro,OK,
2026-08-28T13:22:13+03:00,2026-08-28T13:22:40+03:00,EURO,EUR,Getirfinans,55.7100,56.3879,0.6779,1.216837192604559325076287920,0.6779,1.22,https://kur.doviz.com/serbest-piyasa/euro,OK,
2026-08-28T13:22:13+03:00,2026-08-28T13:22:40+03:00,EURO,EUR,Akbank,55.1299,56.7016,1.5717,2.850903048980680175367631721,1.5717,2.85,https://kur.doviz.com/serbest-piyasa/euro,OK,
2026-08-28T13:22:13+03:00,2026-08-28T13:22:40+03:00,EURO,EUR,Albaraka Türk,55.6960,56.6100,0.9140,1.641051422005170927894283252,0.9140,1.64,https://kur.doviz.com/serbest-piyasa/euro,OK,
2026-08-28T13:22:13+03:00,2026-08-28T13:22:40+03:00,EURO,EUR,Alternatif Bank,55.7420,56.2600,0.5180,0.9292813318503103584370851423,0.5180,0.93,https://kur.doviz.com/serbest-piyasa/euro,OK,
2026-08-28T13:22:13+03:00,2026-08-28T13:22:40+03:00,EURO,EUR,Anadolubank,55.1726,56.5438,1.3712,2.485291612140809024769541403,1.3712,2.49,https://kur.doviz.com/serbest-piyasa/euro,OK,
2026-08-28T13:22:13+03:00,2026-08-28T13:22:40+03:00,EURO,EUR,CEPTETEB,54.9010,57.1430,2.2420,4.083714322143494654013588095,2.2420,4.08,https://kur.doviz.com/serbest-piyasa/euro,OK,
2026-08-28T13:22:13+03:00,2026-08-28T13:22:40+03:00,EURO,EUR,Denizbank,55.1945,56.8241,1.6296,2.952468090117674768319307177,1.6296,2.95,https://kur.doviz.com/serbest-piyasa/euro,OK,
2026-08-28T13:22:13+03:00,2026-08-28T13:22:40+03:00,EURO,EUR,DestekBank,55.9461,56.0434,0.0973,0.1739173954931621685872652428,0.0973,0.17,https://kur.doviz.com/serbest-piyasa/euro,OK,
2026-08-28T13:22:13+03:00,2026-08-28T13:22:40+03:00,EURO,EUR,Dünya Katılım,55.9328,56.0473,0.1145,0.2047099376394530579552605984,0.1146,0.20,https://kur.doviz.com/serbest-piyasa/euro,OK,
2026-08-28T13:22:13+03:00,2026-08-28T13:22:40+03:00,EURO,EUR,Emlak Katılım,55.5196,56.7975,1.2779,2.301709666496156312365362863,1.2779,2.30,https://kur.doviz.com/serbest-piyasa/euro,OK,
2026-08-28T13:22:13+03:00,2026-08-28T13:22:40+03:00,EURO,EUR,Enpara,55.5499,56.7126,1.1627,2.093073074839018612094711242,1.1626,2.09,https://kur.doviz.com/serbest-piyasa/euro,OK,
2026-08-28T13:22:13+03:00,2026-08-28T13:22:40+03:00,EURO,EUR,Fibabanka,55.7163,56.3944,0.6781,1.217058562754526054314446580,0.6781,1.22,https://kur.doviz.com/serbest-piyasa/euro,OK,
2026-08-28T13:22:13+03:00,2026-08-28T13:22:40+03:00,EURO,EUR,Garanti BBVA,55.0840,56.6560,1.5720,2.853823251760946917435189892,1.5720,2.85,https://kur.doviz.com/serbest-piyasa/euro,OK,
2026-08-28T13:22:13+03:00,2026-08-28T13:22:40+03:00,EURO,EUR,TOM Bank Hadi,55.9358,56.2728,0.3370,0.6024764104562730845004451532,0.3370,0.60,https://kur.doviz.com/serbest-piyasa/euro,OK,
2026-08-28T13:22:13+03:00,2026-08-28T13:22:40+03:00,EURO,EUR,Halkbank,55.5614,56.7024,1.1410,2.053583962967095861515368583,1.1410,2.05,https://kur.doviz.com/serbest-piyasa/euro,OK,
2026-08-28T13:22:13+03:00,2026-08-28T13:22:40+03:00,EURO,EUR,Hayat Finans,55.9603,56.2846,0.3243,0.5795179797106162761815072471,0.3243,0.58,https://kur.doviz.com/serbest-piyasa/euro,OK,
2026-08-28T13:22:13+03:00,2026-08-28T13:22:40+03:00,EURO,EUR,HSBC,55.4777,56.5449,1.0672,1.923655811253891203132069282,1.0672,1.92,https://kur.doviz.com/serbest-piyasa/euro,OK,
2026-08-28T13:22:13+03:00,2026-08-28T13:22:40+03:00,EURO,EUR,ING Bank,55.4961,56.5077,1.0116,1.822830793515219988431619519,1.0116,1.82,https://kur.doviz.com/serbest-piyasa/euro,OK,
2026-08-28T13:22:13+03:00,2026-08-28T13:22:40+03:00,EURO,EUR,İş Bankası,55.3259,56.6789,1.3530,2.445509246121617542597589917,1.3530,2.45,https://kur.doviz.com/serbest-piyasa/euro,OK,
2026-08-28T13:22:13+03:00,2026-08-28T13:22:40+03:00,EURO,EUR,Kuveyt Türk,55.2381,56.4231,1.1850,2.145258435753583124691109940,1.1850,2.15,https://kur.doviz.com/serbest-piyasa/euro,OK,
2026-08-28T13:22:13+03:00,2026-08-28T13:22:40+03:00,EURO,EUR,Merkez Bankası,55.9574,56.0582,0.1008,0.1801370328142479815002126618,0.1008,0.18,https://kur.doviz.com/serbest-piyasa/euro,OK,
2026-08-28T13:22:13+03:00,2026-08-28T13:22:40+03:00,EURO,EUR,Misyon Bank,55.9505,56.0404,0.0899,0.1606777419326011385063582989,0.0899,0.16,https://kur.doviz.com/serbest-piyasa/euro,OK,
2026-08-28T13:22:13+03:00,2026-08-28T13:22:40+03:00,EURO,EUR,Odeabank,55.4910,56.5810,1.0900,1.964282496260654880971689103,1.0900,1.96,https://kur.doviz.com/serbest-piyasa/euro,OK,
2026-08-28T13:22:13+03:00,2026-08-28T13:22:40+03:00,EURO,EUR,QNB Finansbank,55.1797,56.8399,1.6602,3.008715161553977277875740535,1.6602,3.01,https://kur.doviz.com/serbest-piyasa/euro,OK,
2026-08-28T13:22:13+03:00,2026-08-28T13:22:40+03:00,EURO,EUR,Türkiye Finans,55.5690,56.4279,0.8589,1.545645953679209631269232846,0.8589,1.55,https://kur.doviz.com/serbest-piyasa/euro,OK,
2026-08-28T13:22:13+03:00,2026-08-28T13:22:40+03:00,EURO,EUR,Vakıfbank,55.6038,56.7169,1.1131,2.001841600753905308629985720,1.1131,2.00,https://kur.doviz.com/serbest-piyasa/euro,OK,
2026-08-28T13:22:13+03:00,2026-08-28T13:22:40+03:00,EURO,EUR,Vakıf Katılım,55.8879,56.1131,0.2252,0.4029494756467857979992091311,0.2252,0.40,https://kur.doviz.com/serbest-piyasa/euro,OK,
2026-08-28T13:22:13+03:00,2026-08-28T13:22:40+03:00,EURO,EUR,Yapıkredi,55.3800,56.5200,1.1400,2.058504875406283856988082340,1.1400,2.06,https://kur.doviz.com/serbest-piyasa/euro,OK,
2026-08-28T13:22:13+03:00,2026-08-28T13:22:40+03:00,EURO,EUR,Ziraat Bankası,55.5758,56.7001,1.1243,2.023002817773203444664764160,1.1243,2.02,https://kur.doviz.com/serbest-piyasa/euro,OK,
2026-08-28T13:22:13+03:00,2026-08-28T13:22:40+03:00,EURO,EUR,Ziraat Dinamik,55.5796,56.3920,0.8124,1.461687381701199720760854702,0.8124,1.46,https://kur.doviz.com/serbest-piyasa/euro,OK,
2026-08-28T13:22:13+03:00,2026-08-28T13:22:40+03:00,EURO,EUR,Ziraat Katılım,55.5095,56.7236,1.2141,2.187193183148830380385339446,1.2141,2.19,https://kur.doviz.com/serbest-piyasa/euro,OK,
2026-08-28T13:22:13+03:00,2026-08-28T13:22:53+03:00,GRAM_ALTIN,XAU,Kapalıçarşı,7085.83,7092.14,6.31,0.08905096509512647071690966337,6.31,0.09,https://altin.doviz.com/gram-altin,OK,
2026-08-28T13:22:13+03:00,2026-08-28T13:22:53+03:00,GRAM_ALTIN,XAU,Altınkaynak,6998.30,7175.00,176.70,2.524898904019547604418215852,176.70,2.52,https://altin.doviz.com/gram-altin,OK,
2026-08-28T13:22:13+03:00,2026-08-28T13:22:53+03:00,GRAM_ALTIN,XAU,Harem,7036.20,7110.18,73.98,1.051419800460475825019186493,73.98,1.05,https://altin.doviz.com/gram-altin,OK,
2026-08-28T13:22:13+03:00,2026-08-28T13:22:53+03:00,GRAM_ALTIN,XAU,Odacı,7054.00,7097.00,43.00,0.6095832151970513184009072866,43.00,0.61,https://altin.doviz.com/gram-altin,OK,
2026-08-28T13:22:13+03:00,2026-08-28T13:22:53+03:00,GRAM_ALTIN,XAU,Papara,7043.92,7232.93,189.01,2.683307022226260377744210610,189.01,2.68,https://altin.doviz.com/gram-altin,OK,
2026-08-28T13:22:13+03:00,2026-08-28T13:22:53+03:00,GRAM_ALTIN,XAU,Hepsipay,7043.92,7247.40,203.48,2.888732410362411838862451589,203.48,2.89,https://altin.doviz.com/gram-altin,OK,
2026-08-28T13:22:13+03:00,2026-08-28T13:22:53+03:00,GRAM_ALTIN,XAU,Getirfinans,7091.41,7147.85,56.44,0.7958924952865509115958603437,56.44,0.80,https://altin.doviz.com/gram-altin,OK,
2026-08-28T13:22:13+03:00,2026-08-28T13:22:53+03:00,GRAM_ALTIN,XAU,Akbank,6943.27,7194.86,251.59,3.623508807809576755620910608,251.59,3.62,https://altin.doviz.com/gram-altin,OK,
2026-08-28T13:22:13+03:00,2026-08-28T13:22:53+03:00,GRAM_ALTIN,XAU,Albaraka Türk,7033.82,7178.15,144.33,2.051943325248584695087448925,144.34,2.05,https://altin.doviz.com/gram-altin,OK,
2026-08-28T13:22:13+03:00,2026-08-28T13:22:53+03:00,GRAM_ALTIN,XAU,Alternatif Bank,7105.59,7177.87,72.28,1.017227281619119594572723729,72.29,1.02,https://altin.doviz.com/gram-altin,OK,
2026-08-28T13:22:13+03:00,2026-08-28T13:22:53+03:00,GRAM_ALTIN,XAU,Anadolubank,7005.31,7164.08,158.77,2.266423612945037407338147776,158.77,2.27,https://altin.doviz.com/gram-altin,OK,
2026-08-28T13:22:13+03:00,2026-08-28T13:22:53+03:00,GRAM_ALTIN,XAU,CEPTETEB,7009.17,7203.12,193.95,2.767089398602116941092882609,193.95,2.77,https://altin.doviz.com/gram-altin,OK,
2026-08-28T13:22:13+03:00,2026-08-28T13:22:53+03:00,GRAM_ALTIN,XAU,Denizbank,7019.29,7227.61,208.32,2.967821531807348036624786837,208.32,2.97,https://altin.doviz.com/gram-altin,OK,
2026-08-28T13:22:13+03:00,2026-08-28T13:22:53+03:00,GRAM_ALTIN,XAU,DestekBank,7066.85,7097.86,31.01,0.4388093705116140854836313209,31.01,0.44,https://altin.doviz.com/gram-altin,OK,
2026-08-28T13:22:13+03:00,2026-08-28T13:22:53+03:00,GRAM_ALTIN,XAU,Dünya Katılım,7068.40,7102.54,34.14,0.4829947371399468055005376040,34.15,0.48,https://altin.doviz.com/gram-altin,OK,
2026-08-28T13:22:13+03:00,2026-08-28T13:22:53+03:00,GRAM_ALTIN,XAU,Emlak Katılım,7039.49,7154.33,114.84,1.631368181501784930442404208,114.84,1.63,https://altin.doviz.com/gram-altin,OK,
2026-08-28T13:22:13+03:00,2026-08-28T13:22:53+03:00,GRAM_ALTIN,XAU,Enpara,7028.87,7191.97,163.10,2.320429884177684321946486420,163.10,2.32,https://altin.doviz.com/gram-altin,OK,
2026-08-28T13:22:13+03:00,2026-08-28T13:22:53+03:00,GRAM_ALTIN,XAU,Fibabanka,7092.53,7149.33,56.80,0.8008425766263942485967630733,56.79,0.80,https://altin.doviz.com/gram-altin,OK,
2026-08-28T13:22:13+03:00,2026-08-28T13:22:53+03:00,GRAM_ALTIN,XAU,Garanti BBVA,6986.24,7244.46,258.22,3.696122663979479662880175889,258.22,3.70,https://altin.doviz.com/gram-altin,OK,
2026-08-28T13:22:13+03:00,2026-08-28T13:22:53+03:00,GRAM_ALTIN,XAU,TOM Bank Hadi,6981.88,7124.01,142.13,2.035698121422883234888024429,142.12,2.04,https://altin.doviz.com/gram-altin,OK,
2026-08-28T13:22:13+03:00,2026-08-28T13:22:53+03:00,GRAM_ALTIN,XAU,Halkbank,7021.06,7237.17,216.11,3.078025255445758902501901422,216.11,3.08,https://altin.doviz.com/gram-altin,OK,
2026-08-28T13:22:13+03:00,2026-08-28T13:22:53+03:00,GRAM_ALTIN,XAU,Hayat Finans,7063.03,7202.62,139.59,1.976347261727615485138814362,139.59,1.98,https://altin.doviz.com/gram-altin,OK,
2026-08-28T13:22:13+03:00,2026-08-28T13:22:53+03:00,GRAM_ALTIN,XAU,HSBC,7021.83,7469.98,448.15,6.382239387737954350931309929,448.15,6.38,https://altin.doviz.com/gram-altin,OK,
2026-08-28T13:22:13+03:00,2026-08-28T13:22:53+03:00,GRAM_ALTIN,XAU,ING Bank,6993.62,7246.14,252.52,3.610719484330003631881629256,252.51,3.61,https://altin.doviz.com/gram-altin,OK,
2026-08-28T13:22:13+03:00,2026-08-28T13:22:53+03:00,GRAM_ALTIN,XAU,İş Bankası,7013.18,7206.08,192.90,2.750535420451207583435759527,192.90,2.75,https://altin.doviz.com/gram-altin,OK,
2026-08-28T13:22:13+03:00,2026-08-28T13:22:53+03:00,GRAM_ALTIN,XAU,Kuveyt Türk,6966.83,7151.86,185.03,2.655870747527928771047951507,185.04,2.66,https://altin.doviz.com/gram-altin,OK,
2026-08-28T13:22:13+03:00,2026-08-28T13:22:53+03:00,GRAM_ALTIN,XAU,Misyon Bank,7081.77,7113.29,31.52,0.4450864684958703826868141722,31.52,0.45,https://altin.doviz.com/gram-altin,OK,
2026-08-28T13:22:13+03:00,2026-08-28T13:22:53+03:00,GRAM_ALTIN,XAU,Odeabank,7082.06,7182.06,100.00,1.412018536979353464952287894,100.00,1.41,https://altin.doviz.com/gram-altin,OK,
2026-08-28T13:22:13+03:00,2026-08-28T13:22:53+03:00,GRAM_ALTIN,XAU,QNB Finansbank,6981.54,7191.96,210.42,3.013948211999071838018546051,210.42,3.01,https://altin.doviz.com/gram-altin,OK,
2026-08-28T13:22:13+03:00,2026-08-28T13:22:53+03:00,GRAM_ALTIN,XAU,Türkiye Finans,7023.07,7220.82,197.75,2.815720190742794817650970302,197.74,2.82,https://altin.doviz.com/gram-altin,OK,
2026-08-28T13:22:13+03:00,2026-08-28T13:22:53+03:00,GRAM_ALTIN,XAU,Vakıfbank,7041.26,7185.86,144.60,2.053609723259757486586207582,144.60,2.05,https://altin.doviz.com/gram-altin,OK,
2026-08-28T13:22:13+03:00,2026-08-28T13:22:53+03:00,GRAM_ALTIN,XAU,Vakıf Katılım,7058.10,7114.79,56.69,0.8031906603760218755755798303,56.69,0.80,https://altin.doviz.com/gram-altin,OK,
2026-08-28T13:22:13+03:00,2026-08-28T13:22:53+03:00,GRAM_ALTIN,XAU,Yapıkredi,7009.19,7215.39,206.20,2.941852054231658722334535089,206.20,2.94,https://altin.doviz.com/gram-altin,OK,
2026-08-28T13:22:13+03:00,2026-08-28T13:22:53+03:00,GRAM_ALTIN,XAU,Ziraat Bankası,7078.33,7221.25,142.92,2.019120329230199778761374505,142.92,2.02,https://altin.doviz.com/gram-altin,OK,
2026-08-28T13:22:13+03:00,2026-08-28T13:22:53+03:00,GRAM_ALTIN,XAU,Ziraat Dinamik,7038.97,7181.10,142.13,2.019187466348059446197383992,142.13,2.02,https://altin.doviz.com/gram-altin,OK,
2026-08-28T13:22:13+03:00,2026-08-28T13:22:53+03:00,GRAM_ALTIN,XAU,Ziraat Katılım,7061.18,7285.19,224.01,3.172415941811425285858737491,224.00,3.17,https://altin.doviz.com/gram-altin,OK,
2026-08-28T13:35:51+03:00,2026-08-28T13:36:08+03:00,DOLAR,USD,Kapalıçarşı,48.0600,48.0700,0.0100,0.02080732417811069496462754890,0.0100,0.02,https://kur.doviz.com/serbest-piyasa/amerikan-dolari,OK,
2026-08-28T13:35:51+03:00,2026-08-28T13:36:08+03:00,DOLAR,USD,Altınkaynak,47.9810,48.1900,0.2090,0.4355890873470748838081740689,0.2090,0.44,https://kur.doviz.com/serbest-piyasa/amerikan-dolari,OK,
2026-08-28T13:35:51+03:00,2026-08-28T13:36:08+03:00,DOLAR,USD,Harem,48.0400,48.1250,0.0850,0.1769358867610324729392173189,0.0850,0.18,https://kur.doviz.com/serbest-piyasa/amerikan-dolari,OK,
2026-08-28T13:35:51+03:00,2026-08-28T13:36:08+03:00,DOLAR,USD,Odacı,48.0490,48.1860,0.1370,0.2851256009490311973194031093,0.1370,0.29,https://kur.doviz.com/serbest-piyasa/amerikan-dolari,OK,
2026-08-28T13:35:51+03:00,2026-08-28T13:36:08+03:00,DOLAR,USD,Venüs,48.0420,48.1160,0.0740,0.1540318887639981682694309146,0.0740,0.15,https://kur.doviz.com/serbest-piyasa/amerikan-dolari,OK,
2026-08-28T13:35:51+03:00,2026-08-28T13:36:08+03:00,DOLAR,USD,Getirfinans,47.8479,48.4680,0.6201,1.295981641827541020609054943,0.6201,1.30,https://kur.doviz.com/serbest-piyasa/amerikan-dolari,OK,
2026-08-28T13:35:51+03:00,2026-08-28T13:36:08+03:00,DOLAR,USD,Akbank,47.3540,48.7040,1.3500,2.850867930903408370992946742,1.3500,2.85,https://kur.doviz.com/serbest-piyasa/amerikan-dolari,OK,
2026-08-28T13:35:51+03:00,2026-08-28T13:36:08+03:00,DOLAR,USD,Albaraka Türk,47.8440,48.6250,0.7810,1.632388596271214781372794917,0.7810,1.63,https://kur.doviz.com/serbest-piyasa/amerikan-dolari,OK,
2026-08-28T13:35:51+03:00,2026-08-28T13:36:08+03:00,DOLAR,USD,Alternatif Bank,48.0320,48.3190,0.2870,0.5975183211192538307794803464,0.2870,0.60,https://kur.doviz.com/serbest-piyasa/amerikan-dolari,OK,
2026-08-28T13:35:51+03:00,2026-08-28T13:36:08+03:00,DOLAR,USD,Anadolubank,47.3123,48.5893,1.2770,2.699086706839447670056201030,1.2770,2.70,https://kur.doviz.com/serbest-piyasa/amerikan-dolari,OK,
2026-08-28T13:35:51+03:00,2026-08-28T13:36:08+03:00,DOLAR,USD,CEPTETEB,47.1660,49.0830,1.9170,4.064368400966798117287876860,1.9170,4.06,https://kur.doviz.com/serbest-piyasa/amerikan-dolari,OK,
2026-08-28T13:35:51+03:00,2026-08-28T13:36:08+03:00,DOLAR,USD,Denizbank,47.4194,48.8195,1.4001,2.952589024745146501221019245,1.4001,2.95,https://kur.doviz.com/serbest-piyasa/amerikan-dolari,OK,
2026-08-28T13:35:51+03:00,2026-08-28T13:36:08+03:00,DOLAR,USD,DestekBank,48.0770,48.1460,0.0690,0.1435197703683674106121430206,0.0690,0.14,https://kur.doviz.com/serbest-piyasa/amerikan-dolari,OK,
2026-08-28T13:35:51+03:00,2026-08-28T13:36:08+03:00,DOLAR,USD,Dünya Katılım,48.0978,48.1371,0.0393,0.08170851889275600963037810461,0.0393,0.08,https://kur.doviz.com/serbest-piyasa/amerikan-dolari,OK,
2026-08-28T13:35:51+03:00,2026-08-28T13:36:08+03:00,DOLAR,USD,Emlak Katılım,47.7827,49.0180,1.2353,2.585245287520378714471974166,1.2353,2.59,https://kur.doviz.com/serbest-piyasa/amerikan-dolari,OK,
2026-08-28T13:35:51+03:00,2026-08-28T13:36:08+03:00,DOLAR,USD,Enpara,47.7950,48.6450,0.8500,1.778428705931582801548279109,0.8500,1.78,https://kur.doviz.com/serbest-piyasa/amerikan-dolari,OK,
2026-08-28T13:35:51+03:00,2026-08-28T13:36:08+03:00,DOLAR,USD,Fibabanka,47.8480,48.4680,0.6200,1.295769938137435211503093128,0.6201,1.30,https://kur.doviz.com/serbest-piyasa/amerikan-dolari,OK,
2026-08-28T13:35:51+03:00,2026-08-28T13:36:08+03:00,DOLAR,USD,Garanti BBVA,47.3150,48.6650,1.3500,2.853217795625066046708232062,1.3500,2.85,https://kur.doviz.com/serbest-piyasa/amerikan-dolari,OK,
2026-08-28T13:35:51+03:00,2026-08-28T13:36:08+03:00,DOLAR,USD,TOM Bank Hadi,48.1003,48.3415,0.2412,0.5014521738949653120666607069,0.2412,0.50,https://kur.doviz.com/serbest-piyasa/amerikan-dolari,OK,
2026-08-28T13:35:51+03:00,2026-08-28T13:36:08+03:00,DOLAR,USD,Halkbank,47.7247,48.7047,0.9800,2.053444023744518037829467760,0.9800,2.05,https://kur.doviz.com/serbest-piyasa/amerikan-dolari,OK,
2026-08-28T13:35:51+03:00,2026-08-28T13:36:08+03:00,DOLAR,USD,Hayat Finans,48.0758,48.3544,0.2786,0.5795015371559079620099925534,0.2786,0.58,https://kur.doviz.com/serbest-piyasa/amerikan-dolari,OK,
2026-08-28T13:35:51+03:00,2026-08-28T13:36:08+03:00,DOLAR,USD,HSBC,47.6589,48.5557,0.8968,1.881705200917352267887005365,0.8968,1.88,https://kur.doviz.com/serbest-piyasa/amerikan-dolari,OK,
2026-08-28T13:35:51+03:00,2026-08-28T13:36:08+03:00,DOLAR,USD,ING Bank,47.6091,48.6145,1.0054,2.111781151082461126129248400,1.0054,2.11,https://kur.doviz.com/serbest-piyasa/amerikan-dolari,OK,
2026-08-28T13:35:51+03:00,2026-08-28T13:36:08+03:00,DOLAR,USD,İş Bankası,47.5342,48.6934,1.1592,2.438665213677730981062056372,1.1592,2.44,https://kur.doviz.com/serbest-piyasa/amerikan-dolari,OK,
2026-08-28T13:35:51+03:00,2026-08-28T13:36:08+03:00,DOLAR,USD,Kuveyt Türk,47.4536,48.4710,1.0174,2.143989075644418969266820642,1.0174,2.14,https://kur.doviz.com/serbest-piyasa/amerikan-dolari,OK,
2026-08-28T13:35:51+03:00,2026-08-28T13:36:08+03:00,DOLAR,USD,Merkez Bankası,48.0466,48.1331,0.0865,0.1800335507611360637381209076,0.0865,0.18,https://kur.doviz.com/serbest-piyasa/amerikan-dolari,OK,
2026-08-28T13:35:51+03:00,2026-08-28T13:36:08+03:00,DOLAR,USD,Misyon Bank,48.0811,48.1425,0.0614,0.1277009053453435965483318809,0.0614,0.13,https://kur.doviz.com/serbest-piyasa/amerikan-dolari,OK,
2026-08-28T13:35:51+03:00,2026-08-28T13:36:08+03:00,DOLAR,USD,Odeabank,47.6410,48.6410,1.0000,2.099032346088453223064167419,1.0000,2.10,https://kur.doviz.com/serbest-piyasa/amerikan-dolari,OK,
2026-08-28T13:35:51+03:00,2026-08-28T13:36:08+03:00,DOLAR,USD,QNB Finansbank,47.5050,48.7250,1.2200,2.568150720976739290600989370,1.2200,2.57,https://kur.doviz.com/serbest-piyasa/amerikan-dolari,OK,
2026-08-28T13:35:51+03:00,2026-08-28T13:36:08+03:00,DOLAR,USD,Türkiye Finans,47.7072,48.5151,0.8079,1.693455075963376597243183419,0.8079,1.69,https://kur.doviz.com/serbest-piyasa/amerikan-dolari,OK,
2026-08-28T13:35:51+03:00,2026-08-28T13:36:08+03:00,DOLAR,USD,Vakıfbank,47.7421,48.7031,0.9610,2.012898469066086326324145775,0.9610,2.01,https://kur.doviz.com/serbest-piyasa/amerikan-dolari,OK,
2026-08-28T13:35:51+03:00,2026-08-28T13:36:08+03:00,DOLAR,USD,Vakıf Katılım,48.0171,48.2196,0.2025,0.4217247605540526187545686849,0.2025,0.42,https://kur.doviz.com/serbest-piyasa/amerikan-dolari,OK,
2026-08-28T13:35:51+03:00,2026-08-28T13:36:08+03:00,DOLAR,USD,Yapıkredi,47.5600,48.5700,1.0100,2.123633305298570227081581161,1.0100,2.12,https://kur.doviz.com/serbest-piyasa/amerikan-dolari,OK,
2026-08-28T13:35:51+03:00,2026-08-28T13:36:08+03:00,DOLAR,USD,Ziraat Bankası,47.7541,48.7201,0.9660,2.022862958363784470862187749,0.9660,2.02,https://kur.doviz.com/serbest-piyasa/amerikan-dolari,OK,
2026-08-28T13:35:51+03:00,2026-08-28T13:36:08+03:00,DOLAR,USD,Ziraat Dinamik,47.8017,48.4519,0.6502,1.360202670616316992910293985,0.6502,1.36,https://kur.doviz.com/serbest-piyasa/amerikan-dolari,OK,
2026-08-28T13:35:51+03:00,2026-08-28T13:36:08+03:00,DOLAR,USD,Ziraat Katılım,47.7169,48.7130,0.9961,2.087520354423694749658925873,0.9961,2.09,https://kur.doviz.com/serbest-piyasa/amerikan-dolari,OK,
2026-08-28T13:35:51+03:00,2026-08-28T13:36:21+03:00,EURO,EUR,Kapalıçarşı,55.8500,55.9000,0.0500,0.08952551477170993733213965980,0.0500,0.09,https://kur.doviz.com/serbest-piyasa/euro,OK,
2026-08-28T13:35:51+03:00,2026-08-28T13:36:21+03:00,EURO,EUR,Altınkaynak,55.7650,56.1200,0.3550,0.6366000179323948713350667982,0.3550,0.64,https://kur.doviz.com/serbest-piyasa/euro,OK,
2026-08-28T13:35:51+03:00,2026-08-28T13:36:21+03:00,EURO,EUR,Harem,55.8160,56.0030,0.1870,0.3350293822559839472552673069,0.1870,0.34,https://kur.doviz.com/serbest-piyasa/euro,OK,
2026-08-28T13:35:51+03:00,2026-08-28T13:36:21+03:00,EURO,EUR,Odacı,55.8540,56.0530,0.1990,0.3562860314391091058831954739,0.1990,0.36,https://kur.doviz.com/serbest-piyasa/euro,OK,
2026-08-28T13:35:51+03:00,2026-08-28T13:36:21+03:00,EURO,EUR,Venüs,55.8250,55.9910,0.1660,0.2973578145991939095387371249,0.1660,0.30,https://kur.doviz.com/serbest-piyasa/euro,OK,
2026-08-28T13:35:51+03:00,2026-08-28T13:36:21+03:00,EURO,EUR,Getirfinans,55.7338,56.4115,0.6777,1.215958718049011551338684963,0.6777,1.22,https://kur.doviz.com/serbest-piyasa/euro,OK,
2026-08-28T13:35:51+03:00,2026-08-28T13:36:21+03:00,EURO,EUR,Akbank,55.1391,56.7159,1.5768,2.859676708542576864693112510,1.5768,2.86,https://kur.doviz.com/serbest-piyasa/euro,OK,
2026-08-28T13:35:51+03:00,2026-08-28T13:36:21+03:00,EURO,EUR,Albaraka Türk,55.7140,56.6340,0.9200,1.651290519438561223390889184,0.9200,1.65,https://kur.doviz.com/serbest-piyasa/euro,OK,
2026-08-28T13:35:51+03:00,2026-08-28T13:36:21+03:00,EURO,EUR,Alternatif Bank,55.7600,56.2680,0.5080,0.9110473457675753228120516499,0.5080,0.91,https://kur.doviz.com/serbest-piyasa/euro,OK,
2026-08-28T13:35:51+03:00,2026-08-28T13:36:21+03:00,EURO,EUR,Anadolubank,55.1970,56.5683,1.3713,2.484374150769063536061742486,1.3713,2.48,https://kur.doviz.com/serbest-piyasa/euro,OK,
2026-08-28T13:35:51+03:00,2026-08-28T13:36:21+03:00,EURO,EUR,CEPTETEB,54.9250,57.1620,2.2370,4.072826581702321347291761493,2.2370,4.07,https://kur.doviz.com/serbest-piyasa/euro,OK,
2026-08-28T13:35:51+03:00,2026-08-28T13:36:21+03:00,EURO,EUR,Denizbank,55.2124,56.8475,1.6351,2.961472422861531105331411060,1.6351,2.96,https://kur.doviz.com/serbest-piyasa/euro,OK,
2026-08-28T13:35:51+03:00,2026-08-28T13:36:21+03:00,EURO,EUR,DestekBank,55.9699,56.0673,0.0974,0.1740221083117890151670808774,0.0974,0.17,https://kur.doviz.com/serbest-piyasa/euro,OK,
2026-08-28T13:35:51+03:00,2026-08-28T13:36:21+03:00,EURO,EUR,Dünya Katılım,55.9561,56.0716,0.1155,0.2064118121169988616075816578,0.1155,0.21,https://kur.doviz.com/serbest-piyasa/euro,OK,
2026-08-28T13:35:51+03:00,2026-08-28T13:36:21+03:00,EURO,EUR,Emlak Katılım,55.5387,56.8171,1.2784,2.301818371693971951089960694,1.2784,2.30,https://kur.doviz.com/serbest-piyasa/euro,OK,
2026-08-28T13:35:51+03:00,2026-08-28T13:36:21+03:00,EURO,EUR,Enpara,55.5738,56.7418,1.1680,2.101709798502171886752390515,1.1680,2.10,https://kur.doviz.com/serbest-piyasa/euro,OK,
2026-08-28T13:35:51+03:00,2026-08-28T13:36:21+03:00,EURO,EUR,Fibabanka,55.7305,56.4086,0.6781,1.216748459102286898556445752,0.6781,1.22,https://kur.doviz.com/serbest-piyasa/euro,OK,
2026-08-28T13:35:51+03:00,2026-08-28T13:36:21+03:00,EURO,EUR,Garanti BBVA,55.0980,56.6700,1.5720,2.853098116084068387237286290,1.5720,2.85,https://kur.doviz.com/serbest-piyasa/euro,OK,
2026-08-28T13:35:51+03:00,2026-08-28T13:36:21+03:00,EURO,EUR,TOM Bank Hadi,55.9595,56.2966,0.3371,0.6023999499638131148419839348,0.3371,0.60,https://kur.doviz.com/serbest-piyasa/euro,OK,
2026-08-28T13:35:51+03:00,2026-08-28T13:36:21+03:00,EURO,EUR,Halkbank,55.5778,56.7191,1.1413,2.053517771484297687206042701,1.1413,2.05,https://kur.doviz.com/serbest-piyasa/euro,OK,
2026-08-28T13:35:51+03:00,2026-08-28T13:36:21+03:00,EURO,EUR,Hayat Finans,55.9867,56.3113,0.3246,0.5797805550246755032891740360,0.3245,0.58,https://kur.doviz.com/serbest-piyasa/euro,OK,
2026-08-28T13:35:51+03:00,2026-08-28T13:36:21+03:00,EURO,EUR,HSBC,55.5024,56.5735,1.0711,1.929826457954971316555680475,1.0711,1.93,https://kur.doviz.com/serbest-piyasa/euro,OK,
2026-08-28T13:35:51+03:00,2026-08-28T13:36:21+03:00,EURO,EUR,ING Bank,55.5153,56.5271,1.0118,1.822560627430636239018793017,1.0118,1.82,https://kur.doviz.com/serbest-piyasa/euro,OK,
2026-08-28T13:35:51+03:00,2026-08-28T13:36:21+03:00,EURO,EUR,İş Bankası,55.3440,56.6986,1.3546,2.447600462561433940445215380,1.3546,2.45,https://kur.doviz.com/serbest-piyasa/euro,OK,
2026-08-28T13:35:51+03:00,2026-08-28T13:36:21+03:00,EURO,EUR,Kuveyt Türk,55.2630,56.4483,1.1853,2.144834699527712936322675208,1.1853,2.14,https://kur.doviz.com/serbest-piyasa/euro,OK,
2026-08-28T13:35:51+03:00,2026-08-28T13:36:21+03:00,EURO,EUR,Merkez Bankası,55.9574,56.0582,0.1008,0.1801370328142479815002126618,0.1008,0.18,https://kur.doviz.com/serbest-piyasa/euro,OK,
2026-08-28T13:35:51+03:00,2026-08-28T13:36:21+03:00,EURO,EUR,Misyon Bank,55.9747,56.0650,0.0903,0.1613228833740957968510773617,0.0902,0.16,https://kur.doviz.com/serbest-piyasa/euro,OK,
2026-08-28T13:35:51+03:00,2026-08-28T13:36:21+03:00,EURO,EUR,Odeabank,55.5080,56.5980,1.0900,1.963680910859695899690134755,1.0900,1.96,https://kur.doviz.com/serbest-piyasa/euro,OK,
2026-08-28T13:35:51+03:00,2026-08-28T13:36:21+03:00,EURO,EUR,QNB Finansbank,55.2034,56.8692,1.6658,3.017567758507628153338381332,1.6658,3.02,https://kur.doviz.com/serbest-piyasa/euro,OK,
2026-08-28T13:35:51+03:00,2026-08-28T13:36:21+03:00,EURO,EUR,Türkiye Finans,55.5874,56.4470,0.8596,1.546393607184361923745309189,0.8596,1.55,https://kur.doviz.com/serbest-piyasa/euro,OK,
2026-08-28T13:35:51+03:00,2026-08-28T13:36:21+03:00,EURO,EUR,Vakıfbank,55.6208,56.7339,1.1131,2.001229755774818053677760838,1.1131,2.00,https://kur.doviz.com/serbest-piyasa/euro,OK,
2026-08-28T13:35:51+03:00,2026-08-28T13:36:21+03:00,EURO,EUR,Vakıf Katılım,55.9047,56.1299,0.2252,0.4028283847333050709511007125,0.2252,0.40,https://kur.doviz.com/serbest-piyasa/euro,OK,
2026-08-28T13:35:51+03:00,2026-08-28T13:36:21+03:00,EURO,EUR,Yapıkredi,55.3900,56.5300,1.1400,2.058133237046398266835168803,1.1400,2.06,https://kur.doviz.com/serbest-piyasa/euro,OK,
2026-08-28T13:35:51+03:00,2026-08-28T13:36:21+03:00,EURO,EUR,Ziraat Bankası,55.5785,56.7028,1.1243,2.022904540424804555718488264,1.1243,2.02,https://kur.doviz.com/serbest-piyasa/euro,OK,
2026-08-28T13:35:51+03:00,2026-08-28T13:36:21+03:00,EURO,EUR,Ziraat Dinamik,55.5984,56.4112,0.8128,1.461912573023684134795245906,0.8128,1.46,https://kur.doviz.com/serbest-piyasa/euro,OK,
2026-08-28T13:35:51+03:00,2026-08-28T13:36:21+03:00,EURO,EUR,Ziraat Katılım,55.5267,56.7413,1.2146,2.187416143945165118762685339,1.2146,2.19,https://kur.doviz.com/serbest-piyasa/euro,OK,
2026-08-28T13:35:51+03:00,2026-08-28T13:36:34+03:00,GRAM_ALTIN,XAU,Kapalıçarşı,7085.83,7092.14,6.31,0.08905096509512647071690966337,6.31,0.09,https://altin.doviz.com/gram-altin,OK,
2026-08-28T13:35:51+03:00,2026-08-28T13:36:34+03:00,GRAM_ALTIN,XAU,Altınkaynak,7004.51,7185.00,180.49,2.576768396361772629348805270,180.49,2.58,https://altin.doviz.com/gram-altin,OK,
2026-08-28T13:35:51+03:00,2026-08-28T13:36:34+03:00,GRAM_ALTIN,XAU,Harem,7040.97,7115.00,74.03,1.051417631377494862213587048,74.03,1.05,https://altin.doviz.com/gram-altin,OK,
2026-08-28T13:35:51+03:00,2026-08-28T13:36:34+03:00,GRAM_ALTIN,XAU,Odacı,7063.00,7104.00,41.00,0.5804898768228797961206286281,41.00,0.58,https://altin.doviz.com/gram-altin,OK,
2026-08-28T13:35:51+03:00,2026-08-28T13:36:34+03:00,GRAM_ALTIN,XAU,Papara,7044.02,7233.04,189.02,2.683410893211546815596775705,189.02,2.68,https://altin.doviz.com/gram-altin,OK,
2026-08-28T13:35:51+03:00,2026-08-28T13:36:34+03:00,GRAM_ALTIN,XAU,Hepsipay,7044.02,7247.51,203.49,2.888833365038713689058236632,203.49,2.89,https://altin.doviz.com/gram-altin,OK,
2026-08-28T13:35:51+03:00,2026-08-28T13:36:34+03:00,GRAM_ALTIN,XAU,Getirfinans,7095.59,7152.46,56.87,0.8014837384910909452209048155,56.87,0.80,https://altin.doviz.com/gram-altin,OK,
2026-08-28T13:35:51+03:00,2026-08-28T13:36:34+03:00,GRAM_ALTIN,XAU,Akbank,6944.15,7195.74,251.59,3.623049617303773680004032171,251.59,3.62,https://altin.doviz.com/gram-altin,OK,
2026-08-28T13:35:51+03:00,2026-08-28T13:36:34+03:00,GRAM_ALTIN,XAU,Albaraka Türk,7036.42,7181.67,145.25,2.064259950372490556277197780,145.26,2.06,https://altin.doviz.com/gram-altin,OK,
2026-08-28T13:35:51+03:00,2026-08-28T13:36:34+03:00,GRAM_ALTIN,XAU,Alternatif Bank,7102.90,7173.72,70.82,0.9970575398780779681538526517,70.82,1.00,https://altin.doviz.com/gram-altin,OK,
2026-08-28T13:35:51+03:00,2026-08-28T13:36:34+03:00,GRAM_ALTIN,XAU,Anadolubank,7009.57,7168.59,159.02,2.268612767972928439262322796,159.02,2.27,https://altin.doviz.com/gram-altin,OK,
2026-08-28T13:35:51+03:00,2026-08-28T13:36:34+03:00,GRAM_ALTIN,XAU,CEPTETEB,7012.46,7205.91,193.45,2.758661011970121754705196179,193.45,2.76,https://altin.doviz.com/gram-altin,OK,
2026-08-28T13:35:51+03:00,2026-08-28T13:36:34+03:00,GRAM_ALTIN,XAU,Denizbank,7021.23,7229.64,208.41,2.968283334971222990843484689,208.41,2.97,https://altin.doviz.com/gram-altin,OK,
2026-08-28T13:35:51+03:00,2026-08-28T13:36:34+03:00,GRAM_ALTIN,XAU,DestekBank,7071.54,7102.56,31.02,0.4386597544523540841174623915,31.02,0.44,https://altin.doviz.com/gram-altin,OK,
2026-08-28T13:35:51+03:00,2026-08-28T13:36:34+03:00,GRAM_ALTIN,XAU,Dünya Katılım,7072.86,7107.09,34.23,0.4839626402897837649833306470,34.24,0.48,https://altin.doviz.com/gram-altin,OK,
2026-08-28T13:35:51+03:00,2026-08-28T13:36:34+03:00,GRAM_ALTIN,XAU,Emlak Katılım,7038.55,7153.42,114.87,1.632012275255556897372328107,114.87,1.63,https://altin.doviz.com/gram-altin,OK,
2026-08-28T13:35:51+03:00,2026-08-28T13:36:34+03:00,GRAM_ALTIN,XAU,Enpara,7032.70,7195.66,162.96,2.317175480256515989591479801,162.96,2.32,https://altin.doviz.com/gram-altin,OK,
2026-08-28T13:35:51+03:00,2026-08-28T13:36:34+03:00,GRAM_ALTIN,XAU,Fibabanka,7095.83,7152.33,56.50,0.7962423000551027857206274671,56.50,0.80,https://altin.doviz.com/gram-altin,OK,
2026-08-28T13:35:51+03:00,2026-08-28T13:36:34+03:00,GRAM_ALTIN,XAU,Garanti BBVA,6987.18,7245.43,258.25,3.696054774601484432918573731,258.25,3.70,https://altin.doviz.com/gram-altin,OK,
2026-08-28T13:35:51+03:00,2026-08-28T13:36:34+03:00,GRAM_ALTIN,XAU,TOM Bank Hadi,6985.71,7127.91,142.20,2.035584070910472951210399516,142.20,2.04,https://altin.doviz.com/gram-altin,OK,
2026-08-28T13:35:51+03:00,2026-08-28T13:36:34+03:00,GRAM_ALTIN,XAU,Halkbank,7022.64,7239.64,217.00,3.090006037615483635783693882,217.00,3.09,https://altin.doviz.com/gram-altin,OK,
2026-08-28T13:35:51+03:00,2026-08-28T13:36:34+03:00,GRAM_ALTIN,XAU,Hayat Finans,7067.85,7207.59,139.74,1.977121755555083936416307647,139.74,1.98,https://altin.doviz.com/gram-altin,OK,
2026-08-28T13:35:51+03:00,2026-08-28T13:36:34+03:00,GRAM_ALTIN,XAU,HSBC,7026.34,7474.10,447.76,6.372592274213886603836421238,447.76,6.37,https://altin.doviz.com/gram-altin,OK,
2026-08-28T13:35:51+03:00,2026-08-28T13:36:34+03:00,GRAM_ALTIN,XAU,ING Bank,6996.56,7249.09,252.53,3.609345163909121053774997999,252.53,3.61,https://altin.doviz.com/gram-altin,OK,
2026-08-28T13:35:51+03:00,2026-08-28T13:36:34+03:00,GRAM_ALTIN,XAU,İş Bankası,7016.31,7209.23,192.92,2.749593447267865872517035308,192.92,2.75,https://altin.doviz.com/gram-altin,OK,
2026-08-28T13:35:51+03:00,2026-08-28T13:36:34+03:00,GRAM_ALTIN,XAU,Kuveyt Türk,6971.17,7156.37,185.20,2.656655912852505390056475455,185.19,2.66,https://altin.doviz.com/gram-altin,OK,
2026-08-28T13:35:51+03:00,2026-08-28T13:36:34+03:00,GRAM_ALTIN,XAU,Misyon Bank,7085.13,7115.67,30.54,0.4310436082330176016530395349,30.53,0.43,https://altin.doviz.com/gram-altin,OK,
2026-08-28T13:35:51+03:00,2026-08-28T13:36:34+03:00,GRAM_ALTIN,XAU,Odeabank,7076.05,7176.05,100.00,1.413217826329661322347920097,100.00,1.41,https://altin.doviz.com/gram-altin,OK,
2026-08-28T13:35:51+03:00,2026-08-28T13:36:34+03:00,GRAM_ALTIN,XAU,QNB Finansbank,6986.46,7197.13,210.67,3.015404081609284244095006627,210.68,3.02,https://altin.doviz.com/gram-altin,OK,
2026-08-28T13:35:51+03:00,2026-08-28T13:36:34+03:00,GRAM_ALTIN,XAU,Türkiye Finans,7022.97,7220.87,197.90,2.817896132263130840655733970,197.90,2.82,https://altin.doviz.com/gram-altin,OK,
2026-08-28T13:35:51+03:00,2026-08-28T13:36:34+03:00,GRAM_ALTIN,XAU,Vakıfbank,7044.40,7189.00,144.60,2.052694338765544262108909204,144.60,2.05,https://altin.doviz.com/gram-altin,OK,
2026-08-28T13:35:51+03:00,2026-08-28T13:36:34+03:00,GRAM_ALTIN,XAU,Vakıf Katılım,7063.03,7119.76,56.73,0.8031963619013369616156238895,56.73,0.80,https://altin.doviz.com/gram-altin,OK,
2026-08-28T13:35:51+03:00,2026-08-28T13:36:34+03:00,GRAM_ALTIN,XAU,Yapıkredi,7009.90,7216.46,206.56,2.946689681735830753648411532,206.56,2.95,https://altin.doviz.com/gram-altin,OK,
2026-08-28T13:35:51+03:00,2026-08-28T13:36:34+03:00,GRAM_ALTIN,XAU,Ziraat Bankası,7071.22,7214.00,142.78,2.019170666447939676604602883,142.78,2.02,https://altin.doviz.com/gram-altin,OK,
2026-08-28T13:35:51+03:00,2026-08-28T13:36:34+03:00,GRAM_ALTIN,XAU,Ziraat Dinamik,7042.31,7184.50,142.19,2.019081806963908149456641358,142.19,2.02,https://altin.doviz.com/gram-altin,OK,
2026-08-28T13:35:51+03:00,2026-08-28T13:36:34+03:00,GRAM_ALTIN,XAU,Ziraat Katılım,7064.07,7288.24,224.17,3.173383049714966018173659095,224.17,3.17,https://altin.doviz.com/gram-altin,OK,
2026-08-28T14:27:09+03:00,2026-08-28T14:27:22+03:00,DOLAR,USD,Kapalıçarşı,48.0800,48.0900,0.0100,0.02079866888519134775374376040,0.0100,0.02,https://kur.doviz.com/serbest-piyasa/amerikan-dolari,OK,
2026-08-28T14:27:09+03:00,2026-08-28T14:27:22+03:00,DOLAR,USD,Altınkaynak,47.9810,48.1800,0.1990,0.4147475042204205831474958838,0.1990,0.41,https://kur.doviz.com/serbest-piyasa/amerikan-dolari,OK,
2026-08-28T14:27:09+03:00,2026-08-28T14:27:22+03:00,DOLAR,USD,Harem,48.0475,48.1246,0.0771,0.1604662053176544044955512774,0.0771,0.16,https://kur.doviz.com/serbest-piyasa/amerikan-dolari,OK,
2026-08-28T14:27:09+03:00,2026-08-28T14:27:22+03:00,DOLAR,USD,Odacı,48.0690,48.1760,0.1070,0.2225966839335122428176163432,0.1070,0.22,https://kur.doviz.com/serbest-piyasa/amerikan-dolari,OK,
2026-08-28T14:27:09+03:00,2026-08-28T14:27:22+03:00,DOLAR,USD,Venüs,48.0690,48.1170,0.0480,0.09985645634400549210509892030,0.0480,0.10,https://kur.doviz.com/serbest-piyasa/amerikan-dolari,OK,
2026-08-28T14:27:09+03:00,2026-08-28T14:27:22+03:00,DOLAR,USD,Getirfinans,47.8480,48.4681,0.6201,1.295978933288747701053335563,0.6201,1.30,https://kur.doviz.com/serbest-piyasa/amerikan-dolari,OK,
2026-08-28T14:27:09+03:00,2026-08-28T14:27:22+03:00,DOLAR,USD,Akbank,47.3540,48.7040,1.3500,2.850867930903408370992946742,1.3500,2.85,https://kur.doviz.com/serbest-piyasa/amerikan-dolari,OK,
2026-08-28T14:27:09+03:00,2026-08-28T14:27:22+03:00,DOLAR,USD,Albaraka Türk,47.8440,48.6250,0.7810,1.632388596271214781372794917,0.7810,1.63,https://kur.doviz.com/serbest-piyasa/amerikan-dolari,OK,
2026-08-28T14:27:09+03:00,2026-08-28T14:27:22+03:00,DOLAR,USD,Alternatif Bank,48.0270,48.3220,0.2950,0.6142378245570200095779457389,0.2950,0.61,https://kur.doviz.com/serbest-piyasa/amerikan-dolari,OK,
2026-08-28T14:27:09+03:00,2026-08-28T14:27:22+03:00,DOLAR,USD,Anadolubank,47.3124,48.5892,1.2768,2.698658279858979886879549547,1.2768,2.70,https://kur.doviz.com/serbest-piyasa/amerikan-dolari,OK,
2026-08-28T14:27:09+03:00,2026-08-28T14:27:22+03:00,DOLAR,USD,CEPTETEB,47.1660,49.0830,1.9170,4.064368400966798117287876860,1.9170,4.06,https://kur.doviz.com/serbest-piyasa/amerikan-dolari,OK,
2026-08-28T14:27:09+03:00,2026-08-28T14:27:22+03:00,DOLAR,USD,Denizbank,47.4198,48.8199,1.4001,2.952564118785823643288246682,1.4001,2.95,https://kur.doviz.com/serbest-piyasa/amerikan-dolari,OK,
2026-08-28T14:27:09+03:00,2026-08-28T14:27:22+03:00,DOLAR,USD,DestekBank,48.0770,48.1459,0.0689,0.1433117707011668781329949872,0.0689,0.14,https://kur.doviz.com/serbest-piyasa/amerikan-dolari,OK,
2026-08-28T14:27:09+03:00,2026-08-28T14:27:22+03:00,DOLAR,USD,Dünya Katılım,48.0978,48.1370,0.0392,0.08150060917547164319365958526,0.0392,0.08,https://kur.doviz.com/serbest-piyasa/amerikan-dolari,OK,
2026-08-28T14:27:09+03:00,2026-08-28T14:27:22+03:00,DOLAR,USD,Emlak Katılım,47.7826,49.0180,1.2354,2.585459979155592203019509194,1.2354,2.59,https://kur.doviz.com/serbest-piyasa/amerikan-dolari,OK,
2026-08-28T14:27:09+03:00,2026-08-28T14:27:22+03:00,DOLAR,USD,Enpara,47.7955,48.6455,0.8500,1.778410101369375778054419349,0.8500,1.78,https://kur.doviz.com/serbest-piyasa/amerikan-dolari,OK,
2026-08-28T14:27:09+03:00,2026-08-28T14:27:22+03:00,DOLAR,USD,Fibabanka,47.8480,48.4681,0.6201,1.295978933288747701053335563,0.6201,1.30,https://kur.doviz.com/serbest-piyasa/amerikan-dolari,OK,
2026-08-28T14:27:09+03:00,2026-08-28T14:27:22+03:00,DOLAR,USD,Garanti BBVA,47.3150,48.6650,1.3500,2.853217795625066046708232062,1.3500,2.85,https://kur.doviz.com/serbest-piyasa/amerikan-dolari,OK,
2026-08-28T14:27:09+03:00,2026-08-28T14:27:22+03:00,DOLAR,USD,TOM Bank Hadi,48.1003,48.3415,0.2412,0.5014521738949653120666607069,0.2412,0.50,https://kur.doviz.com/serbest-piyasa/amerikan-dolari,OK,
2026-08-28T14:27:09+03:00,2026-08-28T14:27:22+03:00,DOLAR,USD,Halkbank,47.7247,48.7047,0.9800,2.053444023744518037829467760,0.9800,2.05,https://kur.doviz.com/serbest-piyasa/amerikan-dolari,OK,
2026-08-28T14:27:09+03:00,2026-08-28T14:27:22+03:00,DOLAR,USD,Hayat Finans,48.0756,48.3544,0.2788,0.5799199593972826132175157460,0.2788,0.58,https://kur.doviz.com/serbest-piyasa/amerikan-dolari,OK,
2026-08-28T14:27:09+03:00,2026-08-28T14:27:22+03:00,DOLAR,USD,HSBC,47.6583,48.5562,0.8979,1.884036988310535625483913610,0.8979,1.88,https://kur.doviz.com/serbest-piyasa/amerikan-dolari,OK,
2026-08-28T14:27:09+03:00,2026-08-28T14:27:22+03:00,DOLAR,USD,ING Bank,47.6090,48.6148,1.0058,2.112625764036211640656178454,1.0058,2.11,https://kur.doviz.com/serbest-piyasa/amerikan-dolari,OK,
2026-08-28T14:27:09+03:00,2026-08-28T14:27:22+03:00,DOLAR,USD,İş Bankası,47.5345,48.6933,1.1588,2.437808328687584806824516930,1.1588,2.44,https://kur.doviz.com/serbest-piyasa/amerikan-dolari,OK,
2026-08-28T14:27:09+03:00,2026-08-28T14:27:22+03:00,DOLAR,USD,Kuveyt Türk,47.4533,48.4712,1.0179,2.145056297454550052367274773,1.0178,2.14,https://kur.doviz.com/serbest-piyasa/amerikan-dolari,OK,
2026-08-28T14:27:09+03:00,2026-08-28T14:27:22+03:00,DOLAR,USD,Merkez Bankası,48.0466,48.1331,0.0865,0.1800335507611360637381209076,0.0865,0.18,https://kur.doviz.com/serbest-piyasa/amerikan-dolari,OK,
2026-08-28T14:27:09+03:00,2026-08-28T14:27:22+03:00,DOLAR,USD,Misyon Bank,48.0811,48.1426,0.0615,0.1279088872758734721127428449,0.0615,0.13,https://kur.doviz.com/serbest-piyasa/amerikan-dolari,OK,
2026-08-28T14:27:09+03:00,2026-08-28T14:27:22+03:00,DOLAR,USD,Odeabank,47.6435,48.6435,1.0000,2.098922203448529180265933443,1.0000,2.10,https://kur.doviz.com/serbest-piyasa/amerikan-dolari,OK,
2026-08-28T14:27:09+03:00,2026-08-28T14:27:22+03:00,DOLAR,USD,QNB Finansbank,47.5055,48.7255,1.2200,2.568123690941048931176390102,1.2200,2.57,https://kur.doviz.com/serbest-piyasa/amerikan-dolari,OK,
2026-08-28T14:27:09+03:00,2026-08-28T14:27:22+03:00,DOLAR,USD,Türkiye Finans,47.7072,48.5151,0.8079,1.693455075963376597243183419,0.8079,1.69,https://kur.doviz.com/serbest-piyasa/amerikan-dolari,OK,
2026-08-28T14:27:09+03:00,2026-08-28T14:27:22+03:00,DOLAR,USD,Vakıfbank,47.7422,48.7032,0.9610,2.012894252883193485009069544,0.9610,2.01,https://kur.doviz.com/serbest-piyasa/amerikan-dolari,OK,
2026-08-28T14:27:09+03:00,2026-08-28T14:27:22+03:00,DOLAR,USD,Vakıf Katılım,48.0171,48.2197,0.2026,0.4219330196950669657267931633,0.2026,0.42,https://kur.doviz.com/serbest-piyasa/amerikan-dolari,OK,
2026-08-28T14:27:09+03:00,2026-08-28T14:27:22+03:00,DOLAR,USD,Yapıkredi,47.5600,48.5700,1.0100,2.123633305298570227081581161,1.0100,2.12,https://kur.doviz.com/serbest-piyasa/amerikan-dolari,OK,
2026-08-28T14:27:09+03:00,2026-08-28T14:27:22+03:00,DOLAR,USD,Ziraat Bankası,47.7539,48.7199,0.9660,2.022871430396260828958472502,0.9660,2.02,https://kur.doviz.com/serbest-piyasa/amerikan-dolari,OK,
2026-08-28T14:27:09+03:00,2026-08-28T14:27:22+03:00,DOLAR,USD,Ziraat Dinamik,47.8017,48.4519,0.6502,1.360202670616316992910293985,0.6502,1.36,https://kur.doviz.com/serbest-piyasa/amerikan-dolari,OK,
2026-08-28T14:27:09+03:00,2026-08-28T14:27:22+03:00,DOLAR,USD,Ziraat Katılım,47.7168,48.7130,0.9962,2.087734299030949267343996245,0.9962,2.09,https://kur.doviz.com/serbest-piyasa/amerikan-dolari,OK,
2026-08-28T14:27:09+03:00,2026-08-28T14:27:35+03:00,EURO,EUR,Kapalıçarşı,55.9000,55.9500,0.0500,0.08944543828264758497316636852,0.0500,0.09,https://kur.doviz.com/serbest-piyasa/euro,OK,
2026-08-28T14:27:09+03:00,2026-08-28T14:27:35+03:00,EURO,EUR,Altınkaynak,55.7760,56.1200,0.3440,0.6167527251864601262191623637,0.3440,0.62,https://kur.doviz.com/serbest-piyasa/euro,OK,
2026-08-28T14:27:09+03:00,2026-08-28T14:27:35+03:00,EURO,EUR,Harem,55.8340,56.0130,0.1790,0.3205931869470215281011570011,0.1790,0.32,https://kur.doviz.com/serbest-piyasa/euro,OK,
2026-08-28T14:27:09+03:00,2026-08-28T14:27:35+03:00,EURO,EUR,Odacı,55.8940,56.0550,0.1610,0.2880452284681718968046659749,0.1610,0.29,https://kur.doviz.com/serbest-piyasa/euro,OK,
2026-08-28T14:27:09+03:00,2026-08-28T14:27:35+03:00,EURO,EUR,Venüs,55.8660,56.0030,0.1370,0.2452296566784806501270898221,0.1370,0.25,https://kur.doviz.com/serbest-piyasa/euro,OK,
2026-08-28T14:27:09+03:00,2026-08-28T14:27:35+03:00,EURO,EUR,Getirfinans,55.7416,56.4193,0.6777,1.215788567246006573187709000,0.6777,1.22,https://kur.doviz.com/serbest-piyasa/euro,OK,
2026-08-28T14:27:09+03:00,2026-08-28T14:27:35+03:00,EURO,EUR,Akbank,55.1535,56.7258,1.5723,2.850771029943702575539177024,1.5723,2.85,https://kur.doviz.com/serbest-piyasa/euro,OK,
2026-08-28T14:27:09+03:00,2026-08-28T14:27:35+03:00,EURO,EUR,Albaraka Türk,55.7230,56.6390,0.9160,1.643845449814259820899807979,0.9160,1.64,https://kur.doviz.com/serbest-piyasa/euro,OK,
2026-08-28T14:27:09+03:00,2026-08-28T14:27:35+03:00,EURO,EUR,Alternatif Bank,55.7570,56.2770,0.5200,0.9326183259501049195616693868,0.5200,0.93,https://kur.doviz.com/serbest-piyasa/euro,OK,
2026-08-28T14:27:09+03:00,2026-08-28T14:27:35+03:00,EURO,EUR,Anadolubank,55.2084,56.5783,1.3699,2.481325305569442331239449069,1.3699,2.48,https://kur.doviz.com/serbest-piyasa/euro,OK,
2026-08-28T14:27:09+03:00,2026-08-28T14:27:35+03:00,EURO,EUR,CEPTETEB,54.9350,57.1770,2.2420,4.081186857194866660598889597,2.2420,4.08,https://kur.doviz.com/serbest-piyasa/euro,OK,
2026-08-28T14:27:09+03:00,2026-08-28T14:27:35+03:00,EURO,EUR,Denizbank,55.2175,56.8527,1.6352,2.961379997283469914429302305,1.6352,2.96,https://kur.doviz.com/serbest-piyasa/euro,OK,
2026-08-28T14:27:09+03:00,2026-08-28T14:27:35+03:00,EURO,EUR,DestekBank,55.9795,56.0767,0.0972,0.1736349913807733188042051108,0.0972,0.17,https://kur.doviz.com/serbest-piyasa/euro,OK,
2026-08-28T14:27:09+03:00,2026-08-28T14:27:35+03:00,EURO,EUR,Dünya Katılım,55.9707,56.0812,0.1105,0.1974247240073824340235158753,0.1104,0.20,https://kur.doviz.com/serbest-piyasa/euro,OK,
2026-08-28T14:27:09+03:00,2026-08-28T14:27:35+03:00,EURO,EUR,Emlak Katılım,55.5482,56.8269,1.2787,2.301964780136890124252451025,1.2787,2.30,https://kur.doviz.com/serbest-piyasa/euro,OK,
2026-08-28T14:27:09+03:00,2026-08-28T14:27:35+03:00,EURO,EUR,Enpara,55.5839,56.7521,1.1682,2.101687718925804054771255705,1.1682,2.10,https://kur.doviz.com/serbest-piyasa/euro,OK,
2026-08-28T14:27:09+03:00,2026-08-28T14:27:35+03:00,EURO,EUR,Fibabanka,55.7387,56.4165,0.6778,1.216031231442426895496306875,0.6777,1.22,https://kur.doviz.com/serbest-piyasa/euro,OK,
2026-08-28T14:27:09+03:00,2026-08-28T14:27:35+03:00,EURO,EUR,Garanti BBVA,55.1030,56.6750,1.5720,2.852839228354173094023918843,1.5720,2.85,https://kur.doviz.com/serbest-piyasa/euro,OK,
2026-08-28T14:27:09+03:00,2026-08-28T14:27:35+03:00,EURO,EUR,TOM Bank Hadi,55.9672,56.3043,0.3371,0.6023170714275504223902571506,0.3371,0.60,https://kur.doviz.com/serbest-piyasa/euro,OK,
2026-08-28T14:27:09+03:00,2026-08-28T14:27:35+03:00,EURO,EUR,Halkbank,55.5850,56.7264,1.1414,2.053431681208959251596653774,1.1414,2.05,https://kur.doviz.com/serbest-piyasa/euro,OK,
2026-08-28T14:27:09+03:00,2026-08-28T14:27:35+03:00,EURO,EUR,Hayat Finans,55.9937,56.3185,0.3248,0.5800652573414509132277381205,0.3248,0.58,https://kur.doviz.com/serbest-piyasa/euro,OK,
2026-08-28T14:27:09+03:00,2026-08-28T14:27:35+03:00,EURO,EUR,HSBC,55.5065,56.5789,1.0724,1.932025978939403493284570276,1.0724,1.93,https://kur.doviz.com/serbest-piyasa/euro,OK,
2026-08-28T14:27:09+03:00,2026-08-28T14:27:35+03:00,EURO,EUR,ING Bank,55.5225,56.5368,1.0143,1.826826962042415237066054302,1.0143,1.83,https://kur.doviz.com/serbest-piyasa/euro,OK,
2026-08-28T14:27:09+03:00,2026-08-28T14:27:35+03:00,EURO,EUR,İş Bankası,55.3539,56.7082,1.3543,2.446620743976485848332276497,1.3543,2.45,https://kur.doviz.com/serbest-piyasa/euro,OK,
2026-08-28T14:27:09+03:00,2026-08-28T14:27:35+03:00,EURO,EUR,Kuveyt Türk,55.2674,56.4534,1.1860,2.145930512381620991760061085,1.1859,2.15,https://kur.doviz.com/serbest-piyasa/euro,OK,
2026-08-28T14:27:09+03:00,2026-08-28T14:27:35+03:00,EURO,EUR,Merkez Bankası,55.9574,56.0582,0.1008,0.1801370328142479815002126618,0.1008,0.18,https://kur.doviz.com/serbest-piyasa/euro,OK,
2026-08-28T14:27:09+03:00,2026-08-28T14:27:35+03:00,EURO,EUR,Misyon Bank,55.9829,56.0746,0.0917,0.1638000175053453822506515382,0.0917,0.16,https://kur.doviz.com/serbest-piyasa/euro,OK,
2026-08-28T14:27:09+03:00,2026-08-28T14:27:35+03:00,EURO,EUR,Odeabank,55.5180,56.6080,1.0900,1.963327209193414748369898051,1.0900,1.96,https://kur.doviz.com/serbest-piyasa/euro,OK,
2026-08-28T14:27:09+03:00,2026-08-28T14:27:35+03:00,EURO,EUR,QNB Finansbank,55.2088,56.8747,1.6659,3.017453739258958716726318993,1.6659,3.02,https://kur.doviz.com/serbest-piyasa/euro,OK,
2026-08-28T14:27:09+03:00,2026-08-28T14:27:35+03:00,EURO,EUR,Türkiye Finans,55.5918,56.4509,0.8591,1.545371799438046618386164866,0.8591,1.55,https://kur.doviz.com/serbest-piyasa/euro,OK,
2026-08-28T14:27:09+03:00,2026-08-28T14:27:35+03:00,EURO,EUR,Vakıfbank,55.6302,56.7433,1.1131,2.000891602043494360976591851,1.1131,2.00,https://kur.doviz.com/serbest-piyasa/euro,OK,
2026-08-28T14:27:09+03:00,2026-08-28T14:27:35+03:00,EURO,EUR,Vakıf Katılım,55.9168,56.1421,0.2253,0.4029200526496509099233146389,0.2253,0.40,https://kur.doviz.com/serbest-piyasa/euro,OK,
2026-08-28T14:27:09+03:00,2026-08-28T14:27:35+03:00,EURO,EUR,Yapıkredi,55.4000,56.5400,1.1400,2.057761732851985559566787004,1.1400,2.06,https://kur.doviz.com/serbest-piyasa/euro,OK,
2026-08-28T14:27:09+03:00,2026-08-28T14:27:35+03:00,EURO,EUR,Ziraat Bankası,55.5999,56.7247,1.1248,2.023025221268383576229453650,1.1248,2.02,https://kur.doviz.com/serbest-piyasa/euro,OK,
2026-08-28T14:27:09+03:00,2026-08-28T14:27:35+03:00,EURO,EUR,Ziraat Dinamik,55.6054,56.4183,0.8129,1.461908375805227549842281505,0.8129,1.46,https://kur.doviz.com/serbest-piyasa/euro,OK,
2026-08-28T14:27:09+03:00,2026-08-28T14:27:35+03:00,EURO,EUR,Ziraat Katılım,55.5342,56.7496,1.2154,2.188561282957168735661988468,1.2154,2.19,https://kur.doviz.com/serbest-piyasa/euro,OK,
2026-08-28T14:27:09+03:00,2026-08-28T14:27:48+03:00,GRAM_ALTIN,XAU,Kapalıçarşı,7076.70,7083.01,6.31,0.08916585414105444628145887207,6.31,0.09,https://altin.doviz.com/gram-altin,OK,
2026-08-28T14:27:09+03:00,2026-08-28T14:27:48+03:00,GRAM_ALTIN,XAU,Altınkaynak,6994.61,7170.00,175.39,2.507502205269486075706865715,175.39,2.51,https://altin.doviz.com/gram-altin,OK,
2026-08-28T14:27:09+03:00,2026-08-28T14:27:48+03:00,GRAM_ALTIN,XAU,Harem,7034.60,7107.59,72.99,1.037585648082335882637250163,72.99,1.04,https://altin.doviz.com/gram-altin,OK,
2026-08-28T14:27:09+03:00,2026-08-28T14:27:48+03:00,GRAM_ALTIN,XAU,Odacı,7056.00,7094.00,38.00,0.5385487528344671201814058957,38.00,0.54,https://altin.doviz.com/gram-altin,OK,
2026-08-28T14:27:09+03:00,2026-08-28T14:27:48+03:00,GRAM_ALTIN,XAU,Papara,7034.98,7223.83,188.85,2.684442599694668641559748571,188.85,2.68,https://altin.doviz.com/gram-altin,OK,
2026-08-28T14:27:09+03:00,2026-08-28T14:27:48+03:00,GRAM_ALTIN,XAU,Hepsipay,7035.58,7238.89,203.31,2.889740433624519940076013634,203.31,2.89,https://altin.doviz.com/gram-altin,OK,
2026-08-28T14:27:09+03:00,2026-08-28T14:27:48+03:00,GRAM_ALTIN,XAU,Getirfinans,7084.81,7141.37,56.56,0.7983276898039608683930832302,56.56,0.80,https://altin.doviz.com/gram-altin,OK,
2026-08-28T14:27:09+03:00,2026-08-28T14:27:48+03:00,GRAM_ALTIN,XAU,Akbank,6933.75,7184.99,251.24,3.623436091581034793582116459,251.23,3.62,https://altin.doviz.com/gram-altin,OK,
2026-08-28T14:27:09+03:00,2026-08-28T14:27:48+03:00,GRAM_ALTIN,XAU,Albaraka Türk,7026.35,7170.47,144.12,2.051136080610843467803340283,144.11,2.05,https://altin.doviz.com/gram-altin,OK,
2026-08-28T14:27:09+03:00,2026-08-28T14:27:48+03:00,GRAM_ALTIN,XAU,Alternatif Bank,7092.01,7162.97,70.96,1.000562604959665877515683142,70.97,1.00,https://altin.doviz.com/gram-altin,OK,
2026-08-28T14:27:09+03:00,2026-08-28T14:27:48+03:00,GRAM_ALTIN,XAU,Anadolubank,6998.20,7157.32,159.12,2.273727529936269326398216684,159.11,2.27,https://altin.doviz.com/gram-altin,OK,
2026-08-28T14:27:09+03:00,2026-08-28T14:27:48+03:00,GRAM_ALTIN,XAU,CEPTETEB,7002.85,7196.30,193.45,2.762446718121907509085586583,193.44,2.76,https://altin.doviz.com/gram-altin,OK,
2026-08-28T14:27:09+03:00,2026-08-28T14:27:48+03:00,GRAM_ALTIN,XAU,Denizbank,7011.68,7219.77,208.09,2.967762362229879287132327773,208.09,2.97,https://altin.doviz.com/gram-altin,OK,
2026-08-28T14:27:09+03:00,2026-08-28T14:27:48+03:00,GRAM_ALTIN,XAU,DestekBank,7060.55,7091.56,31.01,0.4392009121102463689089376890,31.01,0.44,https://altin.doviz.com/gram-altin,OK,
2026-08-28T14:27:09+03:00,2026-08-28T14:27:48+03:00,GRAM_ALTIN,XAU,Dünya Katılım,7061.89,7095.99,34.10,0.4828735650088007601364507235,34.10,0.48,https://altin.doviz.com/gram-altin,OK,
2026-08-28T14:27:09+03:00,2026-08-28T14:27:48+03:00,GRAM_ALTIN,XAU,Emlak Katılım,7025.78,7141.19,115.41,1.642664586707810378349450168,115.41,1.64,https://altin.doviz.com/gram-altin,OK,
2026-08-28T14:27:09+03:00,2026-08-28T14:27:48+03:00,GRAM_ALTIN,XAU,Enpara,7022.73,7185.53,162.80,2.318186801998652945506946729,162.80,2.32,https://altin.doviz.com/gram-altin,OK,
2026-08-28T14:27:09+03:00,2026-08-28T14:27:48+03:00,GRAM_ALTIN,XAU,Fibabanka,7084.91,7141.56,56.65,0.7995867272837622496263184712,56.65,0.80,https://altin.doviz.com/gram-altin,OK,
2026-08-28T14:27:09+03:00,2026-08-28T14:27:48+03:00,GRAM_ALTIN,XAU,Garanti BBVA,6974.74,7232.53,257.79,3.696051752466758617525527833,257.79,3.70,https://altin.doviz.com/gram-altin,OK,
2026-08-28T14:27:09+03:00,2026-08-28T14:27:48+03:00,GRAM_ALTIN,XAU,TOM Bank Hadi,6976.50,7118.51,142.01,2.035547910843546190783344084,142.02,2.04,https://altin.doviz.com/gram-altin,OK,
2026-08-28T14:27:09+03:00,2026-08-28T14:27:48+03:00,GRAM_ALTIN,XAU,Halkbank,7012.35,7228.21,215.86,3.078283314438098497650573631,215.86,3.08,https://altin.doviz.com/gram-altin,OK,
2026-08-28T14:27:09+03:00,2026-08-28T14:27:48+03:00,GRAM_ALTIN,XAU,Hayat Finans,7056.76,7196.20,139.44,1.975977644131301050340382839,139.45,1.98,https://altin.doviz.com/gram-altin,OK,
2026-08-28T14:27:09+03:00,2026-08-28T14:27:48+03:00,GRAM_ALTIN,XAU,HSBC,7015.32,7463.25,447.93,6.385025914712372350797967876,447.92,6.38,https://altin.doviz.com/gram-altin,OK,
2026-08-28T14:27:09+03:00,2026-08-28T14:27:48+03:00,GRAM_ALTIN,XAU,ING Bank,6986.34,7239.20,252.86,3.619348614582170349567871017,252.86,3.62,https://altin.doviz.com/gram-altin,OK,
2026-08-28T14:27:09+03:00,2026-08-28T14:27:48+03:00,GRAM_ALTIN,XAU,İş Bankası,7006.35,7198.82,192.47,2.747079435083888187144518901,192.47,2.75,https://altin.doviz.com/gram-altin,OK,
2026-08-28T14:27:09+03:00,2026-08-28T14:27:48+03:00,GRAM_ALTIN,XAU,Kuveyt Türk,6960.86,7145.97,185.11,2.659297845381174165261188991,185.10,2.66,https://altin.doviz.com/gram-altin,OK,
2026-08-28T14:27:09+03:00,2026-08-28T14:27:48+03:00,GRAM_ALTIN,XAU,Misyon Bank,7075.02,7105.60,30.58,0.4322249265726457310368027228,30.58,0.43,https://altin.doviz.com/gram-altin,OK,
2026-08-28T14:27:09+03:00,2026-08-28T14:27:48+03:00,GRAM_ALTIN,XAU,Odeabank,7071.12,7171.12,100.00,1.414203124823224609397096924,100.00,1.41,https://altin.doviz.com/gram-altin,OK,
2026-08-28T14:27:09+03:00,2026-08-28T14:27:48+03:00,GRAM_ALTIN,XAU,QNB Finansbank,6976.78,7187.07,210.29,3.014141194075203747287430591,210.29,3.01,https://altin.doviz.com/gram-altin,OK,
2026-08-28T14:27:09+03:00,2026-08-28T14:27:48+03:00,GRAM_ALTIN,XAU,Türkiye Finans,7010.19,7208.25,198.06,2.825315718974806674284149217,198.06,2.83,https://altin.doviz.com/gram-altin,OK,
2026-08-28T14:27:09+03:00,2026-08-28T14:27:48+03:00,GRAM_ALTIN,XAU,Vakıfbank,7034.29,7178.89,144.60,2.055644563985846474910758584,144.60,2.06,https://altin.doviz.com/gram-altin,OK,
2026-08-28T14:27:09+03:00,2026-08-28T14:27:48+03:00,GRAM_ALTIN,XAU,Vakıf Katılım,7053.08,7109.73,56.65,0.8031951998275930515462748189,56.65,0.80,https://altin.doviz.com/gram-altin,OK,
2026-08-28T14:27:09+03:00,2026-08-28T14:27:48+03:00,GRAM_ALTIN,XAU,Yapıkredi,6998.36,7205.08,206.72,2.953834898461925365371315565,206.72,2.95,https://altin.doviz.com/gram-altin,OK,
2026-08-28T14:27:09+03:00,2026-08-28T14:27:48+03:00,GRAM_ALTIN,XAU,Ziraat Bankası,7067.26,7209.96,142.70,2.019170088549168984868251628,142.70,2.02,https://altin.doviz.com/gram-altin,OK,
2026-08-28T14:27:09+03:00,2026-08-28T14:27:48+03:00,GRAM_ALTIN,XAU,Ziraat Dinamik,7031.81,7173.79,141.98,2.019110300192980185755872243,141.98,2.02,https://altin.doviz.com/gram-altin,OK,
2026-08-28T14:27:09+03:00,2026-08-28T14:27:48+03:00,GRAM_ALTIN,XAU,Ziraat Katılım,7053.72,7277.45,223.73,3.171801545850983594472136688,223.73,3.17,https://altin.doviz.com/gram-altin,OK,
